experiment,experiment_label,variant,variant_label,delay_label,act_min,act_max,obs_min,obs_max,seed,train_steps,episode,episode_steps,true_return,delayed_return,mean_distance,final_distance,min_distance,success
constant,Constant delay,unseen,Unseen delay,"(10,10)",10,10,10,10,501000,1000,0,90,-212.6173152923584,-187.34688663482666,2.3624146143595377,2.527042865753174,2.2609670162200928,0.0
constant,Constant delay,unseen,Unseen delay,"(10,10)",10,10,10,10,501000,1000,1,90,-195.8102011680603,-172.8368043899536,2.1756689018673367,2.297339677810669,2.087207078933716,0.0
constant,Constant delay,unseen,Unseen delay,"(10,10)",10,10,10,10,501000,1000,2,90,-198.238525390625,-175.12311458587646,2.2026502821180554,2.3115410804748535,2.124070405960083,0.0
constant,Constant delay,unseen,Unseen delay,"(10,10)",10,10,10,10,501000,1000,3,90,-191.23844480514526,-169.02735328674316,2.1248716089460586,2.22110915184021,2.0506598949432373,0.0
constant,Constant delay,unseen,Unseen delay,"(10,10)",10,10,10,10,501000,1000,4,90,-173.13652086257935,-153.14356136322021,1.923739120695326,1.999295949935913,1.8729381561279297,0.0
constant,Constant delay,unseen,Unseen delay,"(10,10)",10,10,10,10,502000,2000,0,90,-207.92182898521423,-184.5638391971588,2.310242544280158,2.335798978805542,2.2714555263519287,0.0
constant,Constant delay,unseen,Unseen delay,"(10,10)",10,10,10,10,502000,2000,1,90,-220.9240665435791,-196.20531940460205,2.454711850484212,2.471874713897705,2.4147934913635254,0.0
constant,Constant delay,unseen,Unseen delay,"(10,10)",10,10,10,10,502000,2000,2,90,-196.66453957557678,-174.7183859348297,2.185161550839742,2.194615364074707,2.1623497009277344,0.0
constant,Constant delay,unseen,Unseen delay,"(10,10)",10,10,10,10,502000,2000,3,90,-180.49878752231598,-160.36720669269562,2.0055420835812887,2.013158082962036,1.980979323387146,0.0
constant,Constant delay,unseen,Unseen delay,"(10,10)",10,10,10,10,502000,2000,4,90,-189.25579142570496,-168.05534434318542,2.1028421269522775,2.120044708251953,2.07614803314209,0.0
constant,Constant delay,unseen,Unseen delay,"(10,10)",10,10,10,10,503000,3000,0,90,-196.87021493911743,-174.07190084457397,2.1874468326568604,2.2798314094543457,2.0741159915924072,0.0
constant,Constant delay,unseen,Unseen delay,"(10,10)",10,10,10,10,503000,3000,1,90,-197.05057191848755,-173.87178230285645,2.189450799094306,2.3178789615631104,2.065730571746826,0.0
constant,Constant delay,unseen,Unseen delay,"(10,10)",10,10,10,10,503000,3000,2,90,-193.4690239429474,-171.13587641716003,2.149655821588304,2.2333147525787354,2.0483345985412598,0.0
constant,Constant delay,unseen,Unseen delay,"(10,10)",10,10,10,10,503000,3000,3,90,-208.84500455856323,-183.8826389312744,2.3205000506507028,2.496236562728882,2.1329703330993652,0.0
constant,Constant delay,unseen,Unseen delay,"(10,10)",10,10,10,10,503000,3000,4,90,-197.51302456855774,-173.9490864276886,2.1945891618728637,2.356393814086914,2.0049245357513428,0.0
constant,Constant delay,unseen,Unseen delay,"(10,10)",10,10,10,10,504000,4000,0,90,-180.2843452692032,-161.12448823451996,2.0031593918800352,1.9159857034683228,1.9159857034683228,0.0
constant,Constant delay,unseen,Unseen delay,"(10,10)",10,10,10,10,504000,4000,1,90,-153.81980621814728,-136.87277281284332,1.709108957979414,1.6947033405303955,1.6821693181991577,0.0
constant,Constant delay,unseen,Unseen delay,"(10,10)",10,10,10,10,504000,4000,2,90,-188.87368988990784,-167.99825501441956,2.0985965543323095,2.087543487548828,2.082068920135498,0.0
constant,Constant delay,unseen,Unseen delay,"(10,10)",10,10,10,10,504000,4000,3,90,-181.0770183801651,-160.4965716600418,2.0119668708907232,2.058044672012329,1.9802643060684204,0.0
constant,Constant delay,unseen,Unseen delay,"(10,10)",10,10,10,10,504000,4000,4,90,-192.55480933189392,-171.56175065040588,2.139497881465488,2.0993058681488037,2.0982046127319336,0.0
constant,Constant delay,unseen,Unseen delay,"(10,10)",10,10,10,10,505000,5000,0,90,-184.58595871925354,-164.134019613266,2.0509550968805947,2.045193910598755,2.0273311138153076,0.0
constant,Constant delay,unseen,Unseen delay,"(10,10)",10,10,10,10,505000,5000,1,90,-194.50612092018127,-173.1819941997528,2.1611791213353473,2.1324126720428467,2.1324126720428467,0.0
constant,Constant delay,unseen,Unseen delay,"(10,10)",10,10,10,10,505000,5000,2,90,-185.6709442138672,-164.80512714385986,2.063010491265191,2.0865817070007324,2.0260818004608154,0.0
constant,Constant delay,unseen,Unseen delay,"(10,10)",10,10,10,10,505000,5000,3,90,-201.01937127113342,-179.31525301933289,2.23354856967926,2.1704118251800537,2.1704118251800537,0.0
constant,Constant delay,unseen,Unseen delay,"(10,10)",10,10,10,10,505000,5000,4,90,-187.5172758102417,-167.3715901374817,2.0835252867804632,2.014568567276001,2.014568567276001,0.0
constant,Constant delay,unseen,Unseen delay,"(10,10)",10,10,10,10,506000,6000,0,90,-243.517813205719,-209.89804220199585,2.7057534800635445,3.3619771003723145,2.2637875080108643,0.0
constant,Constant delay,unseen,Unseen delay,"(10,10)",10,10,10,10,506000,6000,1,90,-226.2200689315796,-195.45228719711304,2.5135563214619956,3.0767781734466553,2.1171886920928955,0.0
constant,Constant delay,unseen,Unseen delay,"(10,10)",10,10,10,10,506000,6000,2,90,-221.15038394927979,-195.15631437301636,2.4572264883253307,2.5994069576263428,2.3470420837402344,0.0
constant,Constant delay,unseen,Unseen delay,"(10,10)",10,10,10,10,506000,6000,3,90,-205.02089309692383,-176.34071159362793,2.2780099232991535,2.86801815032959,1.8985873460769653,0.0
constant,Constant delay,unseen,Unseen delay,"(10,10)",10,10,10,10,506000,6000,4,90,-219.9278802871704,-191.50134754180908,2.4436431143018935,2.842653274536133,2.1708176136016846,0.0
constant,Constant delay,unseen,Unseen delay,"(10,10)",10,10,10,10,511000,1000,0,90,-162.75041604042053,-145.104975938797,1.8083379560046726,1.7645440101623535,1.7223964929580688,0.0
constant,Constant delay,unseen,Unseen delay,"(10,10)",10,10,10,10,511000,1000,1,90,-171.38446712493896,-151.94488549232483,1.9042718569437662,1.9439581632614136,1.852784276008606,0.0
constant,Constant delay,unseen,Unseen delay,"(10,10)",10,10,10,10,511000,1000,2,90,-181.25210392475128,-161.65651667118073,2.01391226583057,1.9595587253570557,1.9242156744003296,0.0
constant,Constant delay,unseen,Unseen delay,"(10,10)",10,10,10,10,511000,1000,3,90,-186.86186528205872,-166.5935776233673,2.07624294757843,2.0268287658691406,1.9815236330032349,0.0
constant,Constant delay,unseen,Unseen delay,"(10,10)",10,10,10,10,511000,1000,4,90,-159.5520738363266,-142.96143686771393,1.772800820403629,1.659063696861267,1.659063696861267,0.0
constant,Constant delay,unseen,Unseen delay,"(10,10)",10,10,10,10,512000,2000,0,90,-202.0164942741394,-178.35756301879883,2.2446277141571045,2.3658931255340576,2.1224334239959717,0.0
constant,Constant delay,unseen,Unseen delay,"(10,10)",10,10,10,10,512000,2000,1,90,-209.92372298240662,-185.63846611976624,2.332485810915629,2.428525686264038,2.176858901977539,0.0
constant,Constant delay,unseen,Unseen delay,"(10,10)",10,10,10,10,512000,2000,2,90,-203.38398504257202,-179.94820404052734,2.259822056028578,2.3435781002044678,2.1707539558410645,0.0
constant,Constant delay,unseen,Unseen delay,"(10,10)",10,10,10,10,512000,2000,3,90,-190.8663353919983,-168.7281093597412,2.120737059911092,2.213822603225708,2.0034539699554443,0.0
constant,Constant delay,unseen,Unseen delay,"(10,10)",10,10,10,10,512000,2000,4,90,-211.8882439136505,-187.09291911125183,2.3543138212627834,2.479532480239868,2.2269062995910645,0.0
constant,Constant delay,unseen,Unseen delay,"(10,10)",10,10,10,10,513000,3000,0,90,-207.54360389709473,-184.58370876312256,2.3060400433010524,2.295989513397217,2.247772693634033,0.0
constant,Constant delay,unseen,Unseen delay,"(10,10)",10,10,10,10,513000,3000,1,90,-192.18446898460388,-170.59588360786438,2.135382988717821,2.15885853767395,2.0652289390563965,0.0
constant,Constant delay,unseen,Unseen delay,"(10,10)",10,10,10,10,513000,3000,2,90,-195.7040741443634,-173.98909831047058,2.174489712715149,2.1714975833892822,2.1463356018066406,0.0
constant,Constant delay,unseen,Unseen delay,"(10,10)",10,10,10,10,513000,3000,3,90,-195.82455205917358,-174.33231163024902,2.1758283562130396,2.149224042892456,2.1433370113372803,0.0
constant,Constant delay,unseen,Unseen delay,"(10,10)",10,10,10,10,513000,3000,4,90,-179.9030957221985,-159.49321126937866,1.9989232858022055,2.0409884452819824,1.9408568143844604,0.0
constant,Constant delay,unseen,Unseen delay,"(10,10)",10,10,10,10,514000,4000,0,90,-195.77900171279907,-174.250648021698,2.175322241253323,2.1528353691101074,2.1216237545013428,0.0
constant,Constant delay,unseen,Unseen delay,"(10,10)",10,10,10,10,514000,4000,1,90,-184.11132860183716,-164.87640070915222,2.045681428909302,1.9234927892684937,1.923326015472412,0.0
constant,Constant delay,unseen,Unseen delay,"(10,10)",10,10,10,10,514000,4000,2,90,-185.70015573501587,-165.3530993461609,2.0633350637223984,2.034705638885498,2.0226380825042725,0.0
constant,Constant delay,unseen,Unseen delay,"(10,10)",10,10,10,10,514000,4000,3,90,-192.73558688163757,-171.8435366153717,2.1415065209070843,2.089205026626587,2.081728219985962,0.0
constant,Constant delay,unseen,Unseen delay,"(10,10)",10,10,10,10,514000,4000,4,90,-190.57232928276062,-170.3617103099823,2.117470325364007,2.021061897277832,2.018899440765381,0.0
constant,Constant delay,unseen,Unseen delay,"(10,10)",10,10,10,10,515000,5000,0,90,-200.76443886756897,-176.5697786808014,2.230715987417433,2.419466018676758,1.9892548322677612,0.0
constant,Constant delay,unseen,Unseen delay,"(10,10)",10,10,10,10,515000,5000,1,90,-220.1550257205963,-194.0037477016449,2.4461669524510703,2.6151278018951416,2.231602907180786,0.0
constant,Constant delay,unseen,Unseen delay,"(10,10)",10,10,10,10,515000,5000,2,90,-202.216787815094,-178.2897047996521,2.2468531979454887,2.3927083015441895,2.035660982131958,0.0
constant,Constant delay,unseen,Unseen delay,"(10,10)",10,10,10,10,515000,5000,3,90,-187.69557523727417,-165.21046447753906,2.0855063915252687,2.2485110759735107,1.9327704906463623,0.0
constant,Constant delay,unseen,Unseen delay,"(10,10)",10,10,10,10,515000,5000,4,90,-193.83954000473022,-171.80870008468628,2.1537726667192247,2.2030839920043945,2.108738899230957,0.0
constant,Constant delay,unseen,Unseen delay,"(10,10)",10,10,10,10,516000,6000,0,90,-210.50962948799133,-182.1170094013214,2.3389958831999036,2.839262008666992,2.1162121295928955,0.0
constant,Constant delay,unseen,Unseen delay,"(10,10)",10,10,10,10,516000,6000,1,90,-206.87013292312622,-180.52634859085083,2.2985570324791804,2.634378433227539,2.148531913757324,0.0
constant,Constant delay,unseen,Unseen delay,"(10,10)",10,10,10,10,516000,6000,2,90,-217.94501066207886,-185.80618381500244,2.421611229578654,3.2138826847076416,2.0107998847961426,0.0
constant,Constant delay,unseen,Unseen delay,"(10,10)",10,10,10,10,516000,6000,3,90,-201.88996815681458,-175.38560891151428,2.243221868409051,2.6504359245300293,2.082247495651245,0.0
constant,Constant delay,unseen,Unseen delay,"(10,10)",10,10,10,10,516000,6000,4,90,-209.83034110069275,-181.21140933036804,2.3314482344521417,2.8618931770324707,2.1065988540649414,0.0
constant,Constant delay,augmented_action,Augmented (+action buffer),"(10,10)",10,10,10,10,501000,1000,0,90,-209.05554103851318,-185.35329866409302,2.3228393448723685,2.3702242374420166,2.271282196044922,0.0
constant,Constant delay,augmented_action,Augmented (+action buffer),"(10,10)",10,10,10,10,501000,1000,1,90,-189.7712757587433,-168.8201620578766,2.1085697306527034,2.09511137008667,2.087207078933716,0.0
constant,Constant delay,augmented_action,Augmented (+action buffer),"(10,10)",10,10,10,10,501000,1000,2,90,-199.0567946434021,-176.49441957473755,2.2117421627044678,2.256237506866455,2.1426970958709717,0.0
constant,Constant delay,augmented_action,Augmented (+action buffer),"(10,10)",10,10,10,10,501000,1000,3,90,-191.23492312431335,-169.73141503334045,2.1248324791590374,2.15035080909729,2.0568718910217285,0.0
constant,Constant delay,augmented_action,Augmented (+action buffer),"(10,10)",10,10,10,10,501000,1000,4,90,-176.03032672405243,-155.91912829875946,1.955892519156138,2.011119842529297,1.8988960981369019,0.0
constant,Constant delay,augmented_action,Augmented (+action buffer),"(10,10)",10,10,10,10,502000,2000,0,90,-213.7320055961609,-189.0378656387329,2.3748000621795655,2.469413995742798,2.277336835861206,0.0
constant,Constant delay,augmented_action,Augmented (+action buffer),"(10,10)",10,10,10,10,502000,2000,1,90,-224.8035216331482,-199.17488813400269,2.49781690703498,2.562863349914551,2.4147934913635254,0.0
constant,Constant delay,augmented_action,Augmented (+action buffer),"(10,10)",10,10,10,10,502000,2000,2,90,-203.5514633655548,-180.00814366340637,2.2616829262839424,2.3543319702148438,2.1623497009277344,0.0
constant,Constant delay,augmented_action,Augmented (+action buffer),"(10,10)",10,10,10,10,502000,2000,3,90,-187.37611782550812,-165.6224752664566,2.081956864727868,2.1753642559051514,1.9903990030288696,0.0
constant,Constant delay,augmented_action,Augmented (+action buffer),"(10,10)",10,10,10,10,502000,2000,4,90,-196.649986743927,-173.7380232810974,2.1849998527103,2.291196346282959,2.0789990425109863,0.0
constant,Constant delay,augmented_action,Augmented (+action buffer),"(10,10)",10,10,10,10,503000,3000,0,90,-181.9996953010559,-162.2270703315735,2.022218836678399,1.9772624969482422,1.9581634998321533,0.0
constant,Constant delay,augmented_action,Augmented (+action buffer),"(10,10)",10,10,10,10,503000,3000,1,90,-178.10236763954163,-158.88321232795715,1.978915195994907,1.9219155311584473,1.9214922189712524,0.0
constant,Constant delay,augmented_action,Augmented (+action buffer),"(10,10)",10,10,10,10,503000,3000,2,90,-173.76597356796265,-155.5639727115631,1.9307330396440294,1.8202000856399536,1.8202000856399536,0.0
constant,Constant delay,augmented_action,Augmented (+action buffer),"(10,10)",10,10,10,10,503000,3000,3,90,-184.5427895784378,-164.73344814777374,2.05047543976042,1.9809341430664062,1.9809341430664062,0.0
constant,Constant delay,augmented_action,Augmented (+action buffer),"(10,10)",10,10,10,10,503000,3000,4,90,-175.38767683506012,-156.45649182796478,1.9487519648340013,1.8931185007095337,1.888373613357544,0.0
constant,Constant delay,augmented_action,Augmented (+action buffer),"(10,10)",10,10,10,10,504000,4000,0,90,-186.59216260910034,-165.60912704467773,2.073246251212226,2.0983035564422607,2.0435900688171387,0.0
constant,Constant delay,augmented_action,Augmented (+action buffer),"(10,10)",10,10,10,10,504000,4000,1,90,-163.2534497976303,-144.11287128925323,1.81392721997367,1.9140578508377075,1.7284796237945557,0.0
constant,Constant delay,augmented_action,Augmented (+action buffer),"(10,10)",10,10,10,10,504000,4000,2,90,-192.68794679641724,-170.59564018249512,2.1409771866268583,2.209230661392212,2.085075855255127,0.0
constant,Constant delay,augmented_action,Augmented (+action buffer),"(10,10)",10,10,10,10,504000,4000,3,90,-188.28086268901825,-165.8415664434433,2.0920095854335363,2.243929624557495,1.9802643060684204,0.0
constant,Constant delay,augmented_action,Augmented (+action buffer),"(10,10)",10,10,10,10,504000,4000,4,90,-198.73918461799622,-176.13831210136414,2.2082131624221804,2.260087251663208,2.162660598754883,0.0
constant,Constant delay,augmented_action,Augmented (+action buffer),"(10,10)",10,10,10,10,505000,5000,0,90,-220.19824886322021,-192.17951202392578,2.446647209591336,2.8018736839294434,2.0702810287475586,0.0
constant,Constant delay,augmented_action,Augmented (+action buffer),"(10,10)",10,10,10,10,505000,5000,1,90,-234.2459225654602,-204.48005199432373,2.602732472949558,2.9765870571136475,2.1851909160614014,0.0
constant,Constant delay,augmented_action,Augmented (+action buffer),"(10,10)",10,10,10,10,505000,5000,2,90,-221.9177258014679,-193.51887822151184,2.465752508905199,2.8398847579956055,2.0260818004608154,0.0
constant,Constant delay,augmented_action,Augmented (+action buffer),"(10,10)",10,10,10,10,505000,5000,3,90,-244.34885430335999,-213.5448591709137,2.714987270037333,3.080399513244629,2.2712032794952393,0.0
constant,Constant delay,augmented_action,Augmented (+action buffer),"(10,10)",10,10,10,10,505000,5000,4,90,-226.27804684638977,-197.93138670921326,2.514200520515442,2.8346660137176514,2.1229751110076904,0.0
constant,Constant delay,augmented_action,Augmented (+action buffer),"(10,10)",10,10,10,10,506000,6000,0,90,-247.2598683834076,-215.8183467388153,2.747331870926751,3.1441521644592285,2.2637875080108643,0.0
constant,Constant delay,augmented_action,Augmented (+action buffer),"(10,10)",10,10,10,10,506000,6000,1,90,-238.56732892990112,-207.3358564376831,2.6507480992211234,3.1231472492218018,2.1171886920928955,0.0
constant,Constant delay,augmented_action,Augmented (+action buffer),"(10,10)",10,10,10,10,506000,6000,2,90,-251.0496621131897,-219.55951023101807,2.7894406901465523,3.149015188217163,2.3470420837402344,0.0
constant,Constant delay,augmented_action,Augmented (+action buffer),"(10,10)",10,10,10,10,506000,6000,3,90,-212.70540940761566,-184.57200276851654,2.3633934378623964,2.813340663909912,1.8985873460769653,0.0
constant,Constant delay,augmented_action,Augmented (+action buffer),"(10,10)",10,10,10,10,506000,6000,4,90,-235.62185859680176,-205.81878280639648,2.6180206510755752,2.9803075790405273,2.1708176136016846,0.0
constant,Constant delay,augmented_action,Augmented (+action buffer),"(10,10)",10,10,10,10,511000,1000,0,90,-199.48098862171173,-174.49199879169464,2.2164554291301304,2.498898983001709,1.9384881258010864,0.0
constant,Constant delay,augmented_action,Augmented (+action buffer),"(10,10)",10,10,10,10,511000,1000,1,90,-200.12717473506927,-175.39083468914032,2.223635274834103,2.4736340045928955,1.9281643629074097,0.0
constant,Constant delay,augmented_action,Augmented (+action buffer),"(10,10)",10,10,10,10,511000,1000,2,90,-216.0856614112854,-189.7699580192566,2.400951793458727,2.631570339202881,2.1688320636749268,0.0
constant,Constant delay,augmented_action,Augmented (+action buffer),"(10,10)",10,10,10,10,511000,1000,3,90,-221.8479826450348,-194.69234490394592,2.464977584944831,2.7155637741088867,2.2471137046813965,0.0
constant,Constant delay,augmented_action,Augmented (+action buffer),"(10,10)",10,10,10,10,511000,1000,4,90,-194.60148131847382,-171.0261491537094,2.1622386813163756,2.3575332164764404,1.9699150323867798,0.0
constant,Constant delay,augmented_action,Augmented (+action buffer),"(10,10)",10,10,10,10,512000,2000,0,90,-195.27587699890137,-173.14613389968872,2.1697319666544597,2.2129743099212646,2.1224334239959717,0.0
constant,Constant delay,augmented_action,Augmented (+action buffer),"(10,10)",10,10,10,10,512000,2000,1,90,-203.16094374656677,-180.3303143978119,2.2573438194062976,2.2830629348754883,2.176858901977539,0.0
constant,Constant delay,augmented_action,Augmented (+action buffer),"(10,10)",10,10,10,10,512000,2000,2,90,-196.63022685050964,-174.6451895236969,2.184780298338996,2.1985037326812744,2.157209873199463,0.0
constant,Constant delay,augmented_action,Augmented (+action buffer),"(10,10)",10,10,10,10,512000,2000,3,90,-187.21380424499512,-165.86870622634888,2.080153380499946,2.134509801864624,2.0005156993865967,0.0
constant,Constant delay,augmented_action,Augmented (+action buffer),"(10,10)",10,10,10,10,512000,2000,4,90,-203.6264214515686,-180.6103000640869,2.2625157939063176,2.301612138748169,2.2269062995910645,0.0
constant,Constant delay,augmented_action,Augmented (+action buffer),"(10,10)",10,10,10,10,513000,3000,0,90,-183.8171170949936,-166.0196851491928,2.0424124121665956,1.7797431945800781,1.7797431945800781,0.0
constant,Constant delay,augmented_action,Augmented (+action buffer),"(10,10)",10,10,10,10,513000,3000,1,90,-168.32764053344727,-151.87493705749512,1.870307117038303,1.6452703475952148,1.6452703475952148,0.0
constant,Constant delay,augmented_action,Augmented (+action buffer),"(10,10)",10,10,10,10,513000,3000,2,90,-175.15853118896484,-157.88367700576782,1.9462059020996094,1.7274854183197021,1.7274854183197021,0.0
constant,Constant delay,augmented_action,Augmented (+action buffer),"(10,10)",10,10,10,10,513000,3000,3,90,-174.52551591396332,-157.64273273944855,1.9391723990440368,1.688278317451477,1.687502145767212,0.0
constant,Constant delay,augmented_action,Augmented (+action buffer),"(10,10)",10,10,10,10,513000,3000,4,90,-157.1500723361969,-141.73522639274597,1.7461119148466322,1.5414845943450928,1.5414845943450928,0.0
constant,Constant delay,augmented_action,Augmented (+action buffer),"(10,10)",10,10,10,10,514000,4000,0,90,-180.69011867046356,-162.74925768375397,2.007667985227373,1.7940860986709595,1.7915868759155273,0.0
constant,Constant delay,augmented_action,Augmented (+action buffer),"(10,10)",10,10,10,10,514000,4000,1,90,-166.5246810913086,-151.4008083343506,1.8502742343478733,1.5123872756958008,1.5123872756958008,0.0
constant,Constant delay,augmented_action,Augmented (+action buffer),"(10,10)",10,10,10,10,514000,4000,2,90,-170.06519997119904,-153.44710791110992,1.8896133330133227,1.6618092060089111,1.6618092060089111,0.0
constant,Constant delay,augmented_action,Augmented (+action buffer),"(10,10)",10,10,10,10,514000,4000,3,90,-174.31908082962036,-157.5987560749054,1.9368786758846708,1.6720324754714966,1.6720324754714966,0.0
constant,Constant delay,augmented_action,Augmented (+action buffer),"(10,10)",10,10,10,10,514000,4000,4,90,-178.05453193187714,-160.84903848171234,1.978383688131968,1.7205493450164795,1.7205493450164795,0.0
constant,Constant delay,augmented_action,Augmented (+action buffer),"(10,10)",10,10,10,10,515000,5000,0,90,-180.53261530399323,-160.08925449848175,2.005917947822147,2.0443360805511475,1.9778155088424683,0.0
constant,Constant delay,augmented_action,Augmented (+action buffer),"(10,10)",10,10,10,10,515000,5000,1,90,-200.63351273536682,-178.20652842521667,2.2292612526151867,2.2426984310150146,2.204540967941284,0.0
constant,Constant delay,augmented_action,Augmented (+action buffer),"(10,10)",10,10,10,10,515000,5000,2,90,-179.2224314212799,-159.80950736999512,1.9913603491253322,1.941292405128479,1.934665560722351,0.0
constant,Constant delay,augmented_action,Augmented (+action buffer),"(10,10)",10,10,10,10,515000,5000,3,90,-175.33854734897614,-155.67530405521393,1.9482060816552904,1.9663243293762207,1.9220800399780273,0.0
constant,Constant delay,augmented_action,Augmented (+action buffer),"(10,10)",10,10,10,10,515000,5000,4,90,-192.37844586372375,-170.62579989433289,2.137538287374708,2.175264596939087,2.093651294708252,0.0
constant,Constant delay,augmented_action,Augmented (+action buffer),"(10,10)",10,10,10,10,516000,6000,0,90,-181.5851571559906,-163.7555136680603,2.0176128572887846,1.7829643487930298,1.7829643487930298,0.0
constant,Constant delay,augmented_action,Augmented (+action buffer),"(10,10)",10,10,10,10,516000,6000,1,90,-183.63020741939545,-165.87322795391083,2.040335637993283,1.775697946548462,1.775697946548462,0.0
constant,Constant delay,augmented_action,Augmented (+action buffer),"(10,10)",10,10,10,10,516000,6000,2,90,-175.01776826381683,-156.90493834018707,1.9446418695979648,1.811282992362976,1.811282992362976,0.0
constant,Constant delay,augmented_action,Augmented (+action buffer),"(10,10)",10,10,10,10,516000,6000,3,90,-175.4394588470459,-158.1779191493988,1.9493273205227322,1.7261539697647095,1.7261539697647095,0.0
constant,Constant delay,augmented_action,Augmented (+action buffer),"(10,10)",10,10,10,10,516000,6000,4,90,-177.34578680992126,-160.0509865283966,1.9705087423324585,1.7294800281524658,1.7294800281524658,0.0
constant,Constant delay,augmented_action_delay,Augmented (+action buffer + delay values),"(10,10)",10,10,10,10,501000,1000,0,90,-185.97459888458252,-166.1708447933197,2.066384432050917,1.9803754091262817,1.979715347290039,0.0
constant,Constant delay,augmented_action_delay,Augmented (+action buffer + delay values),"(10,10)",10,10,10,10,501000,1000,1,90,-165.56312215328217,-148.79849088191986,1.8395902461475797,1.6764631271362305,1.6764631271362305,0.0
constant,Constant delay,augmented_action_delay,Augmented (+action buffer + delay values),"(10,10)",10,10,10,10,501000,1000,2,90,-173.8101282119751,-155.58944249153137,1.9312236467997232,1.8220685720443726,1.8220685720443726,0.0
constant,Constant delay,augmented_action_delay,Augmented (+action buffer + delay values),"(10,10)",10,10,10,10,501000,1000,3,90,-166.43311321735382,-149.19433653354645,1.8492568135261536,1.7238776683807373,1.71732759475708,0.0
constant,Constant delay,augmented_action_delay,Augmented (+action buffer + delay values),"(10,10)",10,10,10,10,501000,1000,4,90,-151.40235078334808,-135.50344598293304,1.682248342037201,1.589890480041504,1.589890480041504,0.0
constant,Constant delay,augmented_action_delay,Augmented (+action buffer + delay values),"(10,10)",10,10,10,10,502000,2000,0,90,-204.05959701538086,-181.0088405609131,2.267328855726454,2.3050756454467773,2.1990318298339844,0.0
constant,Constant delay,augmented_action_delay,Augmented (+action buffer + delay values),"(10,10)",10,10,10,10,502000,2000,1,90,-215.98015975952148,-191.75990533828735,2.399779552883572,2.422025442123413,2.3676016330718994,0.0
constant,Constant delay,augmented_action_delay,Augmented (+action buffer + delay values),"(10,10)",10,10,10,10,502000,2000,2,90,-194.9505171775818,-172.84730052947998,2.1661168575286864,2.2103216648101807,2.108532190322876,0.0
constant,Constant delay,augmented_action_delay,Augmented (+action buffer + delay values),"(10,10)",10,10,10,10,502000,2000,3,90,-176.77364432811737,-156.84005224704742,1.9641516036457485,1.9933592081069946,1.9239073991775513,0.0
constant,Constant delay,augmented_action_delay,Augmented (+action buffer + delay values),"(10,10)",10,10,10,10,502000,2000,4,90,-186.65202450752258,-165.49492192268372,2.0739113834169176,2.1157102584838867,2.0257551670074463,0.0
constant,Constant delay,augmented_action_delay,Augmented (+action buffer + delay values),"(10,10)",10,10,10,10,503000,3000,0,90,-183.65587317943573,-162.3598130941391,2.0406208131048413,2.129606008529663,1.918697476387024,0.0
constant,Constant delay,augmented_action_delay,Augmented (+action buffer + delay values),"(10,10)",10,10,10,10,503000,3000,1,90,-181.548459649086,-160.3613497018814,2.0172051072120665,2.118710994720459,1.9065834283828735,0.0
constant,Constant delay,augmented_action_delay,Augmented (+action buffer + delay values),"(10,10)",10,10,10,10,503000,3000,2,90,-177.2136596441269,-157.048726439476,1.969040662712521,2.016493320465088,1.8859217166900635,0.0
constant,Constant delay,augmented_action_delay,Augmented (+action buffer + delay values),"(10,10)",10,10,10,10,503000,3000,3,90,-187.69755828380585,-166.02764117717743,2.0855284253756206,2.166991710662842,1.9631106853485107,0.0
constant,Constant delay,augmented_action_delay,Augmented (+action buffer + delay values),"(10,10)",10,10,10,10,503000,3000,4,90,-176.46903097629547,-156.13862097263336,1.9607670108477275,2.033041000366211,1.8414347171783447,0.0
constant,Constant delay,augmented_action_delay,Augmented (+action buffer + delay values),"(10,10)",10,10,10,10,504000,4000,0,90,-169.9237744808197,-154.84288382530212,1.8880419386757745,1.5080890655517578,1.5080890655517578,0.0
constant,Constant delay,augmented_action_delay,Augmented (+action buffer + delay values),"(10,10)",10,10,10,10,504000,4000,1,90,-138.1973866224289,-126.2722817659378,1.5355265180269877,1.1925104856491089,1.1925104856491089,0.0
constant,Constant delay,augmented_action_delay,Augmented (+action buffer + delay values),"(10,10)",10,10,10,10,504000,4000,2,90,-173.58347582817078,-157.83827352523804,1.9287052869796752,1.574520230293274,1.574520230293274,0.0
constant,Constant delay,augmented_action_delay,Augmented (+action buffer + delay values),"(10,10)",10,10,10,10,504000,4000,3,90,-162.06959462165833,-147.03319883346558,1.8007732735739814,1.503639578819275,1.503639578819275,0.0
constant,Constant delay,augmented_action_delay,Augmented (+action buffer + delay values),"(10,10)",10,10,10,10,504000,4000,4,90,-175.61578631401062,-159.83755469322205,1.951286514600118,1.5778231620788574,1.5778231620788574,0.0
constant,Constant delay,augmented_action_delay,Augmented (+action buffer + delay values),"(10,10)",10,10,10,10,505000,5000,0,90,-135.44926607608795,-123.5461255311966,1.504991845289866,1.1903140544891357,1.1430518627166748,0.0
constant,Constant delay,augmented_action_delay,Augmented (+action buffer + delay values),"(10,10)",10,10,10,10,505000,5000,1,90,-145.6126413345337,-134.59752535820007,1.6179182370503744,1.1015115976333618,1.1015115976333618,0.0
constant,Constant delay,augmented_action_delay,Augmented (+action buffer + delay values),"(10,10)",10,10,10,10,505000,5000,2,90,-136.3170746564865,-126.24185240268707,1.51463416284985,1.0075222253799438,1.0075222253799438,0.0
constant,Constant delay,augmented_action_delay,Augmented (+action buffer + delay values),"(10,10)",10,10,10,10,505000,5000,3,90,-158.70561861991882,-144.8814001083374,1.7633957624435426,1.382421851158142,1.3817048072814941,0.0
constant,Constant delay,augmented_action_delay,Augmented (+action buffer + delay values),"(10,10)",10,10,10,10,505000,5000,4,90,-142.65572810173035,-131.35729932785034,1.5850636455747815,1.1298428773880005,1.1289020776748657,0.0
constant,Constant delay,augmented_action_delay,Augmented (+action buffer + delay values),"(10,10)",10,10,10,10,506000,6000,0,90,-143.69808900356293,-134.01256549358368,1.5966454333729214,0.9685523509979248,0.9685523509979248,0.0
constant,Constant delay,augmented_action_delay,Augmented (+action buffer + delay values),"(10,10)",10,10,10,10,506000,6000,1,90,-133.53182512521744,-123.58516710996628,1.4836869458357493,0.994665801525116,0.994665801525116,0.0
constant,Constant delay,augmented_action_delay,Augmented (+action buffer + delay values),"(10,10)",10,10,10,10,506000,6000,2,90,-146.42048847675323,-136.67438340187073,1.6268943164083693,0.9746105074882507,0.9746105074882507,0.0
constant,Constant delay,augmented_action_delay,Augmented (+action buffer + delay values),"(10,10)",10,10,10,10,506000,6000,3,90,-113.91327583789825,-105.55020773410797,1.265703064865536,0.8363068103790283,0.8332254886627197,0.0
constant,Constant delay,augmented_action_delay,Augmented (+action buffer + delay values),"(10,10)",10,10,10,10,506000,6000,4,90,-133.75227469205856,-125.33013838529587,1.4861363854673173,0.8422136306762695,0.8422136306762695,0.0
constant,Constant delay,augmented_action_delay,Augmented (+action buffer + delay values),"(10,10)",10,10,10,10,511000,1000,0,90,-208.83888185024261,-179.81192290782928,2.3204320205582514,2.902695894241333,1.9384881258010864,0.0
constant,Constant delay,augmented_action_delay,Augmented (+action buffer + delay values),"(10,10)",10,10,10,10,511000,1000,1,90,-199.7879697084427,-173.34359896183014,2.2198663300938075,2.644437074661255,1.9281643629074097,0.0
constant,Constant delay,augmented_action_delay,Augmented (+action buffer + delay values),"(10,10)",10,10,10,10,511000,1000,2,90,-221.9442262649536,-192.52980136871338,2.4660469584994846,2.9414424896240234,2.1688320636749268,0.0
constant,Constant delay,augmented_action_delay,Augmented (+action buffer + delay values),"(10,10)",10,10,10,10,511000,1000,3,90,-230.62781023979187,-199.68660759925842,2.5625312248865764,3.0941202640533447,2.2471137046813965,0.0
constant,Constant delay,augmented_action_delay,Augmented (+action buffer + delay values),"(10,10)",10,10,10,10,511000,1000,4,90,-201.28588378429413,-174.14248645305634,2.2365098198254905,2.7143397331237793,1.9699150323867798,0.0
constant,Constant delay,augmented_action_delay,Augmented (+action buffer + delay values),"(10,10)",10,10,10,10,512000,2000,0,90,-183.08770942687988,-163.2599835395813,2.0343078825208876,1.9827725887298584,1.9735206365585327,0.0
constant,Constant delay,augmented_action_delay,Augmented (+action buffer + delay values),"(10,10)",10,10,10,10,512000,2000,1,90,-191.44100785255432,-170.75106263160706,2.127122309472826,2.0689945220947266,2.061774492263794,0.0
constant,Constant delay,augmented_action_delay,Augmented (+action buffer + delay values),"(10,10)",10,10,10,10,512000,2000,2,90,-184.61719071865082,-164.86641800403595,2.0513021190961203,1.9750772714614868,1.970473289489746,0.0
constant,Constant delay,augmented_action_delay,Augmented (+action buffer + delay values),"(10,10)",10,10,10,10,512000,2000,3,90,-174.94048833847046,-155.85856795310974,1.943783203760783,1.9081920385360718,1.9061529636383057,0.0
constant,Constant delay,augmented_action_delay,Augmented (+action buffer + delay values),"(10,10)",10,10,10,10,512000,2000,4,90,-192.146164894104,-171.22803401947021,2.1349573877122667,2.091813087463379,2.0779526233673096,0.0
constant,Constant delay,augmented_action_delay,Augmented (+action buffer + delay values),"(10,10)",10,10,10,10,513000,3000,0,90,-185.19282603263855,-164.72043776512146,2.057698067029317,2.047238826751709,1.9333739280700684,0.0
constant,Constant delay,augmented_action_delay,Augmented (+action buffer + delay values),"(10,10)",10,10,10,10,513000,3000,1,90,-174.25817930698395,-154.3580528497696,1.9362019922998217,1.9900126457214355,1.7973580360412598,0.0
constant,Constant delay,augmented_action_delay,Augmented (+action buffer + delay values),"(10,10)",10,10,10,10,513000,3000,2,90,-173.92619800567627,-154.68089175224304,1.9325133111741808,1.9245306253433228,1.827415943145752,0.0
constant,Constant delay,augmented_action_delay,Augmented (+action buffer + delay values),"(10,10)",10,10,10,10,513000,3000,3,90,-176.13877713680267,-156.61619246006012,1.9570975237422519,1.9522584676742554,1.8196535110473633,0.0
constant,Constant delay,augmented_action_delay,Augmented (+action buffer + delay values),"(10,10)",10,10,10,10,513000,3000,4,90,-154.8948519229889,-137.47479605674744,1.721053910255432,1.7420055866241455,1.609228491783142,0.0
constant,Constant delay,augmented_action_delay,Augmented (+action buffer + delay values),"(10,10)",10,10,10,10,514000,4000,0,90,-207.2789763212204,-180.7050417661667,2.303099736902449,2.657393455505371,1.9583052396774292,0.0
constant,Constant delay,augmented_action_delay,Augmented (+action buffer + delay values),"(10,10)",10,10,10,10,514000,4000,1,90,-206.33025658130646,-179.92927086353302,2.292558406458961,2.6400985717773438,1.9591549634933472,0.0
constant,Constant delay,augmented_action_delay,Augmented (+action buffer + delay values),"(10,10)",10,10,10,10,514000,4000,2,90,-196.22069036960602,-171.10570347309113,2.1802298929956225,2.5114986896514893,1.8228838443756104,0.0
constant,Constant delay,augmented_action_delay,Augmented (+action buffer + delay values),"(10,10)",10,10,10,10,514000,4000,3,90,-207.6872627735138,-181.09240460395813,2.307636253039042,2.6594858169555664,1.9708231687545776,0.0
constant,Constant delay,augmented_action_delay,Augmented (+action buffer + delay values),"(10,10)",10,10,10,10,514000,4000,4,90,-207.08466756343842,-180.91593730449677,2.3009407507048714,2.616873025894165,1.9647027254104614,0.0
constant,Constant delay,augmented_action_delay,Augmented (+action buffer + delay values),"(10,10)",10,10,10,10,515000,5000,0,90,-216.5316240787506,-189.34337067604065,2.40590693420834,2.718825340270996,1.9892548322677612,0.0
constant,Constant delay,augmented_action_delay,Augmented (+action buffer + delay values),"(10,10)",10,10,10,10,515000,5000,1,90,-235.98054099082947,-206.7891972064972,2.6220060110092165,2.9191343784332275,2.231602907180786,0.0
constant,Constant delay,augmented_action_delay,Augmented (+action buffer + delay values),"(10,10)",10,10,10,10,515000,5000,2,90,-215.34142518043518,-188.98862862586975,2.3926825020048352,2.635279655456543,2.035660982131958,0.0
constant,Constant delay,augmented_action_delay,Augmented (+action buffer + delay values),"(10,10)",10,10,10,10,515000,5000,3,90,-206.22418415546417,-180.84755671024323,2.291379823949602,2.5376627445220947,1.9327704906463623,0.0
constant,Constant delay,augmented_action_delay,Augmented (+action buffer + delay values),"(10,10)",10,10,10,10,515000,5000,4,90,-225.43713355064392,-197.66209864616394,2.504857039451599,2.777503490447998,2.122951030731201,0.0
constant,Constant delay,augmented_action_delay,Augmented (+action buffer + delay values),"(10,10)",10,10,10,10,516000,6000,0,90,-222.7708225250244,-195.8902268409729,2.4752313613891603,2.6880595684051514,2.235344171524048,0.0
constant,Constant delay,augmented_action_delay,Augmented (+action buffer + delay values),"(10,10)",10,10,10,10,516000,6000,1,90,-227.88647198677063,-200.36310458183289,2.532071910964118,2.7523367404937744,2.233086585998535,0.0
constant,Constant delay,augmented_action_delay,Augmented (+action buffer + delay values),"(10,10)",10,10,10,10,516000,6000,2,90,-203.00634622573853,-179.1982626914978,2.2556260691748724,2.3808083534240723,2.0107998847961426,0.0
constant,Constant delay,augmented_action_delay,Augmented (+action buffer + delay values),"(10,10)",10,10,10,10,516000,6000,3,90,-216.01646089553833,-189.87290048599243,2.4001828988393146,2.61435604095459,2.139542818069458,0.0
constant,Constant delay,augmented_action_delay,Augmented (+action buffer + delay values),"(10,10)",10,10,10,10,516000,6000,4,90,-216.97516870498657,-191.0819239616394,2.410835207833184,2.589324474334717,2.1749014854431152,0.0
