condition_id,condition_label,delay_family,variant,variant_label,delay_label,act_min,act_max,obs_min,obs_max,seed,iteration,train_steps,episode,kp,correction_scale,episode_steps,true_return,delayed_return,mean_distance,final_distance,min_distance,success
constant_10_10,"(10,10)",constant,augmented_action,Augmented (+action buffer),"(10,10)",10,10,10,10,900000,0,0,0,0.7592573860315994,0.2384058440442351,90,-75.71669252961874,-73.9008625075221,0.8412965836624304,0.1815830022096634,0.030696731060743332,0.0
constant_10_10,"(10,10)",constant,augmented_action,Augmented (+action buffer),"(10,10)",10,10,10,10,900000,0,0,1,0.7592573860315994,0.2384058440442351,90,-72.67909209895879,-70.41066597867757,0.8075454677662088,0.22684261202812195,0.015338202007114887,0.0
constant_10_10,"(10,10)",constant,augmented_action,Augmented (+action buffer),"(10,10)",10,10,10,10,901000,1,320,0,2.5750878881074355,0.6334797682779069,90,-60.94476296752691,-59.96470845490694,0.6771640329725213,0.09800545126199722,0.03236154466867447,0.0
constant_10_10,"(10,10)",constant,augmented_action,Augmented (+action buffer),"(10,10)",10,10,10,10,901000,1,320,1,2.5750878881074355,0.6334797682779069,90,-59.315164767205715,-58.422208957374096,0.6590573863022857,0.08929558098316193,0.08929558098316193,0.0
constant_10_10,"(10,10)",constant,augmented_action,Augmented (+action buffer),"(10,10)",10,10,10,10,902000,2,640,0,0.6194435648624002,0.4869824115028195,90,-58.1338133700192,-57.42335461452603,0.6459312596668799,0.0710458755493164,0.05202418193221092,0.0
constant_10_10,"(10,10)",constant,augmented_action,Augmented (+action buffer),"(10,10)",10,10,10,10,902000,2,640,1,0.6194435648624002,0.4869824115028195,90,-55.44686278467998,-54.65741714602336,0.6160762531631109,0.07894456386566162,0.006457777228206396,0.0
constant_10_10,"(10,10)",constant,augmented_action_delay,Augmented (+action buffer + delay values),"(10,10)",10,10,10,10,900000,0,0,0,0.7592573860315994,0.2384058440442351,90,-75.71669252961874,-73.9008625075221,0.8412965836624304,0.1815830022096634,0.030696731060743332,0.0
constant_10_10,"(10,10)",constant,augmented_action_delay,Augmented (+action buffer + delay values),"(10,10)",10,10,10,10,900000,0,0,1,0.7592573860315994,0.2384058440442351,90,-72.67909209895879,-70.41066597867757,0.8075454677662088,0.22684261202812195,0.015338202007114887,0.0
constant_10_10,"(10,10)",constant,augmented_action_delay,Augmented (+action buffer + delay values),"(10,10)",10,10,10,10,901000,1,320,0,2.5750878881074355,0.6334797682779069,90,-60.94476296752691,-59.96470845490694,0.6771640329725213,0.09800545126199722,0.03236154466867447,0.0
constant_10_10,"(10,10)",constant,augmented_action_delay,Augmented (+action buffer + delay values),"(10,10)",10,10,10,10,901000,1,320,1,2.5750878881074355,0.6334797682779069,90,-59.315164767205715,-58.422208957374096,0.6590573863022857,0.08929558098316193,0.08929558098316193,0.0
constant_10_10,"(10,10)",constant,augmented_action_delay,Augmented (+action buffer + delay values),"(10,10)",10,10,10,10,902000,2,640,0,0.6194435648624002,0.4869824115028195,90,-58.1338133700192,-57.42335461452603,0.6459312596668799,0.0710458755493164,0.05202418193221092,0.0
constant_10_10,"(10,10)",constant,augmented_action_delay,Augmented (+action buffer + delay values),"(10,10)",10,10,10,10,902000,2,640,1,0.6194435648624002,0.4869824115028195,90,-55.44686278467998,-54.65741714602336,0.6160762531631109,0.07894456386566162,0.006457777228206396,0.0
constant_10_10,"(10,10)",constant,unseen,Unseen delay,"(10,10)",10,10,10,10,900000,0,0,0,0.7592573860315994,0.2384058440442351,90,-93.0330596268177,-89.71674630045891,1.0337006625201968,0.3316313326358795,0.07449902594089508,0.0
constant_10_10,"(10,10)",constant,unseen,Unseen delay,"(10,10)",10,10,10,10,900000,0,0,1,0.7592573860315994,0.2384058440442351,90,-91.72157368808985,-87.29516945034266,1.0191285965343317,0.44264042377471924,0.04340195655822754,0.0
constant_10_10,"(10,10)",constant,unseen,Unseen delay,"(10,10)",10,10,10,10,901000,1,320,0,0.4259679050687925,0.3560089008249346,90,-71.8621853813529,-68.30289252847433,0.7984687264594766,0.35592928528785706,0.039413366466760635,0.0
constant_10_10,"(10,10)",constant,unseen,Unseen delay,"(10,10)",10,10,10,10,901000,1,320,1,0.4259679050687925,0.3560089008249346,90,-67.858776319772,-64.581328202039,0.7539864035530223,0.32774481177330017,0.04040239006280899,0.0
constant_10_10,"(10,10)",constant,unseen,Unseen delay,"(10,10)",10,10,10,10,902000,2,640,0,0.39040757470841314,0.22096548185542222,90,-72.47246947139502,-69.36336990445852,0.805249660793278,0.3109099566936493,0.07919862866401672,0.0
constant_10_10,"(10,10)",constant,unseen,Unseen delay,"(10,10)",10,10,10,10,902000,2,640,1,0.39040757470841314,0.22096548185542222,90,-68.78867127001286,-65.65869219601154,0.7643185696668096,0.3129979074001312,0.013146467506885529,0.0
constant_15_15,"(15,15)",constant,augmented_action_delay,Augmented (+action buffer + delay values),"(15,15)",15,15,15,15,900000,0,0,0,0.7592573860315994,0.2384058440442351,95,-129.27865944057703,-113.37150774151087,1.3608279941113373,1.0604767799377441,0.046717360615730286,0.0
constant_15_15,"(15,15)",constant,augmented_action_delay,Augmented (+action buffer + delay values),"(15,15)",15,15,15,15,900000,0,0,1,0.7592573860315994,0.2384058440442351,95,-122.79520187526941,-108.40468917042017,1.292581072371257,0.9593675136566162,0.0459015890955925,0.0
constant_15_15,"(15,15)",constant,augmented_action_delay,Augmented (+action buffer + delay values),"(15,15)",15,15,15,15,901000,1,320,0,0.4259679050687925,0.3560089008249346,95,-84.31540666334331,-76.86186609975994,0.8875305964562453,0.4969027042388916,0.028678031638264656,0.0
constant_15_15,"(15,15)",constant,augmented_action_delay,Augmented (+action buffer + delay values),"(15,15)",15,15,15,15,901000,1,320,1,0.4259679050687925,0.3560089008249346,95,-79.79546804726124,-72.85082836449146,0.8399522952343288,0.46297597885131836,0.0381649024784565,0.0
constant_15_15,"(15,15)",constant,augmented_action_delay,Augmented (+action buffer + delay values),"(15,15)",15,15,15,15,902000,2,640,0,0.33476839993734747,0.38680960009491694,95,-85.42938671261072,-83.06259810179472,0.8992567022380076,0.15778590738773346,0.05132586136460304,0.0
constant_15_15,"(15,15)",constant,augmented_action_delay,Augmented (+action buffer + delay values),"(15,15)",15,15,15,15,902000,2,640,1,0.33476839993734747,0.38680960009491694,95,-81.14256303757429,-78.47868088632822,0.854132242500782,0.17759214341640472,0.04275023937225342,0.0
constant_20_20,"(20,20)",constant,augmented_action,Augmented (+action buffer),"(20,20)",20,20,20,20,900000,0,0,0,0.7592573860315994,0.2384058440442351,100,-178.98225766420364,-131.41058427095413,1.7898225766420364,2.3785836696624756,0.045641928911209106,0.0
constant_20_20,"(20,20)",constant,augmented_action,Augmented (+action buffer),"(20,20)",20,20,20,20,900000,0,0,1,0.7592573860315994,0.2384058440442351,100,-171.18030001595616,-126.02797915413976,1.7118030001595617,2.2576160430908203,0.05908923223614693,0.0
constant_20_20,"(20,20)",constant,augmented_action,Augmented (+action buffer),"(20,20)",20,20,20,20,901000,1,320,0,0.4259679050687925,0.3560089008249346,100,-104.16805808246136,-88.5518032759428,1.0416805808246137,0.7808127403259277,0.03166414424777031,0.0
constant_20_20,"(20,20)",constant,augmented_action,Augmented (+action buffer),"(20,20)",20,20,20,20,901000,1,320,1,0.4259679050687925,0.3560089008249346,100,-98.5538835413754,-83.88911675289273,0.985538835413754,0.7332383394241333,0.028240259736776352,0.0
constant_20_20,"(20,20)",constant,augmented_action,Augmented (+action buffer),"(20,20)",20,20,20,20,902000,2,640,0,0.33476839993734747,0.38680960009491694,100,-99.61421300843358,-93.95466258004308,0.9961421300843358,0.28297752141952515,0.057867761701345444,0.0
constant_20_20,"(20,20)",constant,augmented_action,Augmented (+action buffer),"(20,20)",20,20,20,20,902000,2,640,1,0.33476839993734747,0.38680960009491694,100,-95.04394334554672,-88.92459732294083,0.9504394334554672,0.3059673011302948,0.041345059871673584,0.0
constant_20_20,"(20,20)",constant,augmented_action_delay,Augmented (+action buffer + delay values),"(20,20)",20,20,20,20,900000,0,0,0,0.7592573860315994,0.2384058440442351,100,-178.98225766420364,-131.41058427095413,1.7898225766420364,2.3785836696624756,0.045641928911209106,0.0
constant_20_20,"(20,20)",constant,augmented_action_delay,Augmented (+action buffer + delay values),"(20,20)",20,20,20,20,900000,0,0,1,0.7592573860315994,0.2384058440442351,100,-171.18030001595616,-126.02797915413976,1.7118030001595617,2.2576160430908203,0.05908923223614693,0.0
constant_20_20,"(20,20)",constant,augmented_action_delay,Augmented (+action buffer + delay values),"(20,20)",20,20,20,20,901000,1,320,0,0.4259679050687925,0.3560089008249346,100,-104.16805808246136,-88.5518032759428,1.0416805808246137,0.7808127403259277,0.03166414424777031,0.0
constant_20_20,"(20,20)",constant,augmented_action_delay,Augmented (+action buffer + delay values),"(20,20)",20,20,20,20,901000,1,320,1,0.4259679050687925,0.3560089008249346,100,-98.5538835413754,-83.88911675289273,0.985538835413754,0.7332383394241333,0.028240259736776352,0.0
constant_20_20,"(20,20)",constant,augmented_action_delay,Augmented (+action buffer + delay values),"(20,20)",20,20,20,20,902000,2,640,0,0.33476839993734747,0.38680960009491694,100,-99.61421300843358,-93.95466258004308,0.9961421300843358,0.28297752141952515,0.057867761701345444,0.0
constant_20_20,"(20,20)",constant,augmented_action_delay,Augmented (+action buffer + delay values),"(20,20)",20,20,20,20,902000,2,640,1,0.33476839993734747,0.38680960009491694,100,-95.04394334554672,-88.92459732294083,0.9504394334554672,0.3059673011302948,0.041345059871673584,0.0
constant_20_20,"(20,20)",constant,unseen,Unseen delay,"(20,20)",20,20,20,20,900000,0,0,0,0.7592573860315994,0.2384058440442351,100,-227.75683896243572,-153.16557423770428,2.2775683896243573,3.7295632362365723,0.0825144574046135,0.0
constant_20_20,"(20,20)",constant,unseen,Unseen delay,"(20,20)",20,20,20,20,900000,0,0,1,0.7592573860315994,0.2384058440442351,100,-228.4318452551961,-153.39379841834307,2.284318452551961,3.7519023418426514,0.1100827232003212,0.0
constant_20_20,"(20,20)",constant,unseen,Unseen delay,"(20,20)",20,20,20,20,901000,1,320,0,0.4259679050687925,0.3560089008249346,100,-140.32177514210343,-104.468885127455,1.4032177514210344,1.7926445007324219,0.033669400960206985,0.0
constant_20_20,"(20,20)",constant,unseen,Unseen delay,"(20,20)",20,20,20,20,901000,1,320,1,0.4259679050687925,0.3560089008249346,100,-133.0995322689414,-99.15127053111792,1.330995322689414,1.6974130868911743,0.03712930530309677,0.0
constant_20_20,"(20,20)",constant,unseen,Unseen delay,"(20,20)",20,20,20,20,902000,2,640,0,0.2686964011747774,0.2554906730703497,100,-107.29162506014109,-98.91043058782816,1.072916250601411,0.41905972361564636,0.05820872634649277,0.0
constant_20_20,"(20,20)",constant,unseen,Unseen delay,"(20,20)",20,20,20,20,902000,2,640,1,0.2686964011747774,0.2554906730703497,100,-102.51656764745712,-93.73384350538254,1.0251656764745711,0.43913620710372925,0.04253159463405609,0.0
stochastic_0_10,"(0,0-10)",stochastic,augmented_action,Augmented (+action buffer),"(0,0-10)",0,0,0,10,900000,0,0,0,0.7592573860315994,0.2384058440442351,81,-33.5107481633313,-33.500341495033354,0.41371294028804073,0.010406668297946453,0.004204075317829847,1.0
stochastic_0_10,"(0,0-10)",stochastic,augmented_action,Augmented (+action buffer),"(0,0-10)",0,0,0,10,900000,0,0,1,0.7592573860315994,0.2384058440442351,83,-30.762970188632607,-30.735373373143375,0.3706381950437663,0.009198938496410847,0.009198938496410847,1.0
stochastic_0_10,"(0,0-10)",stochastic,augmented_action,Augmented (+action buffer),"(0,0-10)",0,0,0,10,901000,1,320,0,2.5750878881074355,0.6334797682779069,84,-22.331388807622716,-22.27600988256745,0.2658498667574133,0.013844731263816357,0.0034911346156150103,1.0
stochastic_0_10,"(0,0-10)",stochastic,augmented_action,Augmented (+action buffer),"(0,0-10)",0,0,0,10,901000,1,320,1,2.5750878881074355,0.6334797682779069,83,-21.42376258445438,-21.34883014706429,0.25811762149945033,0.02497747913002968,0.0017531103221699595,1.0
stochastic_0_10,"(0,0-10)",stochastic,augmented_action,Augmented (+action buffer),"(0,0-10)",0,0,0,10,902000,2,640,0,1.6042281680390693,0.2365378145377287,84,-24.41927466657944,-24.318971396656707,0.2907056507926124,0.025075817480683327,0.00271027279086411,1.0
stochastic_0_10,"(0,0-10)",stochastic,augmented_action,Augmented (+action buffer),"(0,0-10)",0,0,0,10,902000,2,640,1,1.6042281680390693,0.2365378145377287,83,-22.4587558072526,-22.359233469935134,0.27058741936448916,0.03317411243915558,0.002568883588537574,1.0
stochastic_0_10,"(0,0-10)",stochastic,augmented_action_delay,Augmented (+action buffer + delay values),"(0,0-10)",0,0,0,10,900000,0,0,0,0.7592573860315994,0.2384058440442351,81,-32.808641887502745,-32.79655610607006,0.40504496157410796,0.012085781432688236,0.0038328582886606455,1.0
stochastic_0_10,"(0,0-10)",stochastic,augmented_action_delay,Augmented (+action buffer + delay values),"(0,0-10)",0,0,0,10,900000,0,0,1,0.7592573860315994,0.2384058440442351,83,-30.163733425550163,-30.140389079228044,0.3634184750066285,0.007781448774039745,0.007640110328793526,1.0
stochastic_0_10,"(0,0-10)",stochastic,augmented_action_delay,Augmented (+action buffer + delay values),"(0,0-10)",0,0,0,10,901000,1,320,0,2.5750878881074355,0.6334797682779069,84,-21.577523350715637,-21.515035822987556,0.25687527798471,0.015621881932020187,0.0020829946734011173,1.0
stochastic_0_10,"(0,0-10)",stochastic,augmented_action_delay,Augmented (+action buffer + delay values),"(0,0-10)",0,0,0,10,901000,1,320,1,2.5750878881074355,0.6334797682779069,83,-20.45143484149594,-20.374393181991763,0.24640282941561373,0.025680553168058395,0.0016089488053694367,1.0
stochastic_0_10,"(0,0-10)",stochastic,augmented_action_delay,Augmented (+action buffer + delay values),"(0,0-10)",0,0,0,10,902000,2,640,0,1.6042281680390693,0.2365378145377287,84,-24.05302675673738,-23.955347804818302,0.28634555662782596,0.024419737979769707,0.0025912360288202763,1.0
stochastic_0_10,"(0,0-10)",stochastic,augmented_action_delay,Augmented (+action buffer + delay values),"(0,0-10)",0,0,0,10,902000,2,640,1,1.6042281680390693,0.2365378145377287,83,-22.077404097188264,-21.976093151140958,0.2659928204480514,0.03377031534910202,0.0033509009517729282,1.0
stochastic_0_10,"(0,0-10)",stochastic,unseen,Unseen delay,"(0,0-10)",0,0,0,10,900000,0,0,0,0.7592573860315994,0.2384058440442351,81,-31.350412061205134,-31.33562635886483,0.3870421242124091,0.014785702340304852,0.0033850145991891623,1.0
stochastic_0_10,"(0,0-10)",stochastic,unseen,Unseen delay,"(0,0-10)",0,0,0,10,900000,0,0,1,0.7592573860315994,0.2384058440442351,83,-28.756015535909683,-28.738962704781443,0.34645801850493596,0.005684277042746544,0.004699925426393747,1.0
stochastic_0_10,"(0,0-10)",stochastic,unseen,Unseen delay,"(0,0-10)",0,0,0,10,901000,1,320,0,2.5750878881074355,0.6334797682779069,84,-22.27789066499099,-22.205854987259954,0.2652129841070356,0.018008919432759285,0.004330528434365988,1.0
stochastic_0_10,"(0,0-10)",stochastic,unseen,Unseen delay,"(0,0-10)",0,0,0,10,901000,1,320,1,2.5750878881074355,0.6334797682779069,83,-23.339249695884064,-23.262934780912474,0.2811957794684827,0.025438304990530014,0.0017993864603340626,1.0
stochastic_0_10,"(0,0-10)",stochastic,unseen,Unseen delay,"(0,0-10)",0,0,0,10,902000,2,640,0,1.6042281680390693,0.2365378145377287,84,-23.760406234301627,-23.646313869394362,0.28286197897978127,0.028523091226816177,0.0032935794442892075,1.0
stochastic_0_10,"(0,0-10)",stochastic,unseen,Unseen delay,"(0,0-10)",0,0,0,10,902000,2,640,1,1.6042281680390693,0.2365378145377287,83,-21.96104814647697,-21.8586578683462,0.2645909415238189,0.03413009271025658,0.0038066047709435225,1.0
stochastic_0_20,"(0,0-20)",stochastic,augmented_action,Augmented (+action buffer),"(0,0-20)",0,0,0,20,900000,0,0,0,0.7592573860315994,0.2384058440442351,85,-33.39180077216588,-33.32655153027736,0.3928447149666574,0.01304984837770462,0.0015121763572096825,1.0
stochastic_0_20,"(0,0-20)",stochastic,augmented_action,Augmented (+action buffer),"(0,0-20)",0,0,0,20,900000,0,0,1,0.7592573860315994,0.2384058440442351,87,-31.62398302089423,-31.552737159654498,0.3634940577114279,0.010177980177104473,0.010177980177104473,1.0
stochastic_0_20,"(0,0-20)",stochastic,augmented_action,Augmented (+action buffer),"(0,0-20)",0,0,0,20,901000,1,320,0,0.8678854807006031,0.20463488908538996,84,-29.467868926934898,-29.40403142850846,0.35080796341589165,0.015959374606609344,0.004829413257539272,1.0
stochastic_0_20,"(0,0-20)",stochastic,augmented_action,Augmented (+action buffer),"(0,0-20)",0,0,0,20,901000,1,320,1,0.8678854807006031,0.20463488908538996,88,-26.70883057732135,-26.57908943016082,0.3035094383786517,0.01621764339506626,0.004198798909783363,1.0
stochastic_0_20,"(0,0-20)",stochastic,augmented_action,Augmented (+action buffer),"(0,0-20)",0,0,0,20,902000,2,640,0,0.940351994095938,0.19724488609423582,91,-27.55570303183049,-27.394499665126204,0.3028099234267087,0.014654851518571377,0.004907981492578983,1.0
stochastic_0_20,"(0,0-20)",stochastic,augmented_action,Augmented (+action buffer),"(0,0-20)",0,0,0,20,902000,2,640,1,0.940351994095938,0.19724488609423582,87,-24.3184782769531,-24.081296326592565,0.2795227388155529,0.03388313576579094,0.0036961454898118973,1.0
stochastic_0_20,"(0,0-20)",stochastic,augmented_action_delay,Augmented (+action buffer + delay values),"(0,0-20)",0,0,0,20,900000,0,0,0,0.7592573860315994,0.2384058440442351,85,-30.88172983750701,-30.791388008743525,0.36331446867655304,0.01806836575269699,0.002023275475949049,1.0
stochastic_0_20,"(0,0-20)",stochastic,augmented_action_delay,Augmented (+action buffer + delay values),"(0,0-20)",0,0,0,20,900000,0,0,1,0.7592573860315994,0.2384058440442351,87,-28.99859178531915,-28.95866703428328,0.3333171469576914,0.005703535862267017,0.005605936050415039,1.0
stochastic_0_20,"(0,0-20)",stochastic,augmented_action_delay,Augmented (+action buffer + delay values),"(0,0-20)",0,0,0,20,901000,1,320,0,2.5750878881074355,0.6334797682779069,84,-22.02978361560963,-21.97879066853784,0.2622593287572575,0.012748236767947674,0.003410818288102746,1.0
stochastic_0_20,"(0,0-20)",stochastic,augmented_action_delay,Augmented (+action buffer + delay values),"(0,0-20)",0,0,0,20,901000,1,320,1,2.5750878881074355,0.6334797682779069,88,-20.493327654432505,-20.307025022339076,0.23287872334582393,0.023287829011678696,0.0013062763027846813,1.0
stochastic_0_20,"(0,0-20)",stochastic,augmented_action_delay,Augmented (+action buffer + delay values),"(0,0-20)",0,0,0,20,902000,2,640,0,1.0414923855521496,0.1728763348024555,91,-25.181197392288595,-25.01600157143548,0.2767164548603142,0.015017801895737648,0.0020466104615479708,1.0
stochastic_0_20,"(0,0-20)",stochastic,augmented_action_delay,Augmented (+action buffer + delay values),"(0,0-20)",0,0,0,20,902000,2,640,1,1.0414923855521496,0.1728763348024555,87,-25.535220098681748,-25.287223846651614,0.2935082769963419,0.035428036004304886,0.00250778766348958,1.0
stochastic_0_20,"(0,0-20)",stochastic,unseen,Unseen delay,"(0,0-20)",0,0,0,20,900000,0,0,0,0.7592573860315994,0.2384058440442351,85,-28.85543600539677,-28.751196645898744,0.33947571771055024,0.020847871899604797,0.001029913779348135,1.0
stochastic_0_20,"(0,0-20)",stochastic,unseen,Unseen delay,"(0,0-20)",0,0,0,20,900000,0,0,1,0.7592573860315994,0.2384058440442351,87,-26.969440868357196,-26.932525237323716,0.309993573199508,0.0052736615762114525,0.0027602266054600477,1.0
stochastic_0_20,"(0,0-20)",stochastic,unseen,Unseen delay,"(0,0-20)",0,0,0,20,901000,1,320,0,2.5750878881074355,0.6334797682779069,84,-22.168381004594266,-22.152825840748847,0.26390929767374127,0.003888790961354971,0.003200535662472248,1.0
stochastic_0_20,"(0,0-20)",stochastic,unseen,Unseen delay,"(0,0-20)",0,0,0,20,901000,1,320,1,2.5750878881074355,0.6334797682779069,88,-23.265250481897965,-23.062017016345635,0.2643778463852042,0.025404183194041252,0.003691182006150484,1.0
stochastic_0_20,"(0,0-20)",stochastic,unseen,Unseen delay,"(0,0-20)",0,0,0,20,902000,2,640,0,1.0934608591905526,0.38269548511156865,91,-25.25618280353956,-25.08405332895927,0.2775404703685666,0.01564813405275345,0.0020988290198147297,1.0
stochastic_0_20,"(0,0-20)",stochastic,unseen,Unseen delay,"(0,0-20)",0,0,0,20,902000,2,640,1,1.0934608591905526,0.38269548511156865,87,-27.07678565639071,-26.820040846941993,0.3112274213378243,0.036677829921245575,0.0032500808592885733,1.0
